{
    "default": {
        "info.about": true,
        "info.help": true,
        "input.controls.manage": true,
        "input.repeat": true,
        "internal.settings": false,
        "permissions.manage": false,
        "permissions.manage.edit": false,
        "permissions.manage.view": false,
        "session.close": true,
        "session.freeze": true,
        "session.kill": false,
        "session.killall": false,
        "session.list": true,
        "session.move": true,
        "session.open": true,
        "session.select": true,
        "session.rename": true,
        "chat.write": true
    }
}